P_DISCHARGE_CSN,T_DISCHARGE_CSN,VOLUMETRIC_FLOW_STANDARD_CSN,VOLUMETRIC_FLOW_ACTUAL_CSN,timestamp,P_SUCTION_CSN1,T_SUCTION_CSN1,VOLUMETRIC_FLOW_STANDARD_CSN1,VOLUMETRIC_FLOW_ACTUAL_CSN1,Example
PSIG,DEGF,MMSCFD,ACFM,,PSIG,DEGF,MMSCFD,ACFM,
1253.891,133.1,1363.7582,13709.472,10/23/2021 5:10,980.4474,80.5,1377.1029,12778.706,1
1246.2063,131.4,1308.3954,13111.906,10/23/2021 5:20,980.4961,80.4,1389.1355,12883.013,1
1248.1031,131.8,1352.6495,13557.778,10/23/2021 5:30,980.8365,80.5,1382.9785,12829.691,1
1251.0701,132.7,1379.9287,13844.413,10/23/2021 5:40,980.5934,80.5,1381.0624,12806.269,1
1252.5292,132.8,1376.2533,13810.787,10/23/2021 5:50,980.5934,80.5,1387.8994,12872.968,1
1252.1401,132.7,1370.3986,13752.739,10/23/2021 6:00,980.5934,80.4,1371.1504,12723.2295,1
1251.4105,132.6,1345.212,13493.73,10/23/2021 6:10,980.3502,80.4,1384.0679,12845.219,1
1250.3405,132.4,1360.7424,13653.632,10/23/2021 6:20,980.0097,80.4,1380.6238,12808.309,1
1250.2917,132.4,1358.9984,13627.313,10/23/2021 6:30,980.0097,80.4,1379.6063,12797.46,1
1250.4863,132.3,1356.893,13608.601,10/23/2021 6:40,980.3502,80.4,1384.4169,12839.958,1
1250.389,132.3,1356.4624,13451.428,10/23/2021 6:50,980.3502,80.4,1374.6748,12751.714,1
1250,132.2,1364.2395,13692.541,10/23/2021 7:00,980.3502,80.4,1374.9636,12756.502,1
1248.9299,132.2,1359.8167,13646.75,10/23/2021 7:10,980.107,80.4,1363.1373,12642.6,1
1248.784,132.2,1339.7682,13426.778,10/23/2021 7:20,980.5447,80.4,1381.8688,12817.032,1
1248.8326,132.1,1342.3889,13459.972,10/23/2021 7:30,980.0097,80.4,1373.2582,12745.839,1
1248.9299,131.9,1350.2947,13566.305,10/23/2021 7:40,980.3015,80.4,1386.6053,12856.713,1
1248.8813,132,1346.8196,13507.572,10/23/2021 7:50,980.3015,80.4,1381.6866,12815.343,1
1249.1245,132.1,1356.8556,13613.029,10/23/2021 8:00,980.3502,80.4,1376.9432,12772.052,1
1248.4922,132,1352.1151,13558.391,10/23/2021 8:10,980.3988,80.4,1364.9072,12659.712,1
1248.784,132,1359.7715,13647.203,10/23/2021 8:20,980.3502,80.4,1371.1685,12727.1455,1
1248.4436,131.8,1362.097,13656.878,10/23/2021 8:30,980.6906,80.4,1370.3119,12711.944,1
1247.9572,131.9,1352.8623,13569.873,10/23/2021 8:40,980.7393,80.5,1390.5106,12903.833,1
1248.1031,131.8,1353.8055,13565.159,10/23/2021 8:50,980.5447,80.5,1379.9547,12802.346,1
1247.9086,131.8,1360.8004,13646.988,10/23/2021 9:00,981.0797,80.5,1361.1672,12623.872,1
1247.8113,131.7,1343.037,13465.08,10/23/2021 9:10,982.1985,80.5,1363.7301,12631.63,1
1247.7627,131.7,1364.6667,13679.522,10/23/2021 9:20,982.5389,80.5,1362.04,12600.022,1
1248.9786,132.1,1358.9452,13624.475,10/23/2021 9:30,982.928,80.6,1364.8296,12636.498,1
1250.7782,132.3,1369.4749,13725.2,10/23/2021 9:40,982.8307,80.5,1363.9419,12629.668,1
1252.2374,132.6,1375.1793,13792.911,10/23/2021 9:50,983.4144,80.6,1348.063,12464.805,1
1253.1615,132.7,1368.3977,13723.278,10/23/2021 10:00,984.2413,80.6,1350.7919,12486.607,1
1253.7451,132.8,1377.325,13815.348,10/23/2021 10:10,984.679,80.6,1351.1099,12478.833,1
1253.2101,132.6,1367.4412,13720.142,10/23/2021 10:20,985.9435,80.6,1342.7352,12382.198,1
1255.0098,133,1370.3319,13746.719,10/23/2021 10:30,987.2568,80.7,1361.8077,12549.399,1
1255.0098,132.9,1360.6404,13643.878,10/23/2021 10:40,988.4728,80.6,1339.0902,12314.1455,1
1255.4474,132.9,1371.6,13755.395,10/23/2021 10:50,988.716,80.7,1342.584,12339.798,1
1254.1343,132.5,1347.5762,13527.195,10/23/2021 11:00,990.4183,80.7,1349.4268,12383.737,1
1252.6265,132.2,1334.5781,13384.898,10/23/2021 11:10,991.9747,80.8,1334.0852,12237.215,1
1250.4377,131.8,1317.2618,13206.662,10/23/2021 11:20,992.3151,80.8,1332.1755,12205.717,1
1246.6926,131.1,1297.18,12998.444,10/23/2021 11:30,993.6284,80.7,1331.8613,12181.966,1
1244.0175,130.7,1303.5906,13054.059,10/23/2021 11:40,994.0175,80.8,1331.6329,12173.542,1
1243.3853,130.7,1302.7451,12989.972,10/23/2021 11:50,994.6012,80.7,1345.4161,12288.85,1
1242.7529,130.6,1285.0658,12882.74,10/23/2021 12:00,994.5526,80.8,1322.59,12080.359,1
1241.7316,130.5,1294.5692,12974.387,10/23/2021 12:10,995.6226,80.7,1328.3037,12130.276,1
1241.7316,130.5,1296.0463,12982.232,10/23/2021 12:20,995.2335,80.7,1321.894,12069.774,1
1242.3152,130.8,1305.0851,13071.417,10/23/2021 12:30,994.893,80.7,1330.7748,12156.1455,1
1242.3152,130.7,1304.1744,13062.974,10/23/2021 12:40,994.358,80.7,1327.0651,12127.534,1
1242.8502,130.9,1306.0221,13092.922,10/23/2021 12:50,994.4066,80.6,1330.8558,12158.209,1
1243.7257,131,1316.736,13189.659,10/23/2021 13:00,994.4553,80.7,1337.714,12222.856,1
1244.5039,131.2,1315.4147,13183.396,10/23/2021 13:10,993.9203,80.6,1337.59,12226.084,1
1244.3093,131,1311.2161,13138.228,10/23/2021 13:20,994.7471,80.7,1314.2993,12009.567,1
1245.3308,131.2,1324.2712,13282.114,10/23/2021 13:30,994.8444,80.7,1314.3427,12002.781,1
1245.9144,131.3,1323.0061,13272.645,10/23/2021 13:40,995.5739,80.7,1318.5502,12035.971,1
1247.4708,131.6,1311.4993,13155.659,10/23/2021 13:50,995.8658,80.7,1313.8246,11987.624,1
1247.2277,131.5,1306.5045,13106.327,10/23/2021 14:00,996.0117,80.7,1312.1729,11977.107,1
1246.498,131.1,1300.078,13018.118,10/23/2021 14:10,996.0117,80.7,1315.8999,12001.344,1
1246.0603,131.2,1299.711,13016.151,10/23/2021 14:20,997.4222,80.8,1304.4386,11883.56,1
1243.5797,130.5,1286.8278,12878.634,10/23/2021 14:30,997.6167,80.7,1299.568,11837.607,1
1242.7042,130.3,1293.2662,12927.213,10/23/2021 14:40,997.5194,80.7,1316.1571,11984.815,1
1243.4824,130.5,1305.0594,13059.735,10/23/2021 14:50,996.8871,80.7,1318.9893,12012.859,1
1244.6498,130.7,1317.5634,13185.55,10/23/2021 15:00,997.2276,80.7,1319.253,12009.749,1
1245.574,130.9,1323.7577,13249.183,10/23/2021 15:10,997.8113,80.7,1310.5203,11930.251,1
1245.9144,131,1305.0345,13066.305,10/23/2021 15:20,997.8113,80.7,1309.4247,11920.277,1
1245.963,131,1325.7882,13271.756,10/23/2021 15:30,997.7626,80.8,1289.7782,11735.699,1
1246.3522,131.1,1320.8503,13226.299,10/23/2021 15:40,998.2976,80.7,1307.624,11897.435,1
1246.3036,131,1316.3607,13176.01,10/23/2021 15:50,998.7354,80.7,1328.679,12080.491,1
1246.3522,131.1,1299.5388,13023.519,10/23/2021 16:00,999.8541,80.7,1320.722,11997.099,1
1246.7899,131,1306.7388,13093.457,10/23/2021 16:10,999.7082,80.7,1319.1846,11979.243,1
1247.2277,130.8,1306.8721,13089.315,10/23/2021 16:20,1000.535,80.8,1319.2322,11977.396,1
1245.7686,130.8,1306.5586,13077.723,10/23/2021 16:30,1000.8755,80.7,1320.2751,11981.366,1
1245.7686,130.8,1279.6052,12808.775,10/23/2021 16:40,1000.8268,80.7,1301.1559,11805.946,1
1246.2549,131,1299.8423,13040.93,10/23/2021 16:50,1001.0701,80.7,1311.8143,11894.294,1
1247.6654,131.3,1314.1158,13165.735,10/23/2021 17:00,1001.7996,80.7,1297.5345,11754.02,1
1245.9144,130.8,1286.4102,12883.528,10/23/2021 17:10,1001.8483,80.7,1308.9741,11860.209,1
1245.0388,130.7,1278.1067,12795.106,10/23/2021 17:20,1001.5078,80.7,1320.5269,11964.239,1
1246.2549,130.8,1299.3531,13004.923,10/23/2021 17:30,1002.286,80.7,1305.404,11818.288,1
1245.5254,130.9,1307.0165,13080.855,10/23/2021 17:40,1002.7237,80.7,1324.1692,11993.3545,1
1246.0117,130.9,1290.8019,12929.88,10/23/2021 17:50,1002.5292,80.7,1316.951,11920.896,1
1245.7198,130.9,1302.6161,13031.457,10/23/2021 18:00,1003.3074,80.7,1306.275,11814.695,1
1246.4008,131,1289.4525,12904.313,10/23/2021 18:10,1002.821,80.7,1318.1464,11924.955,1
1246.1576,130.8,1294.7563,12963.309,10/23/2021 18:20,1003.4533,80.7,1322.566,11969.785,1
1245.3794,130.7,1315.6427,13167.874,10/23/2021 18:30,1002.821,80.6,1319.5144,11944.42,1
1246.109,130.9,1312.9059,13143.659,10/23/2021 18:40,1003.356,80.7,1314.8905,11894.858,1
1246.4008,130.9,1300.0997,13020.72,10/23/2021 18:50,1003.2101,80.6,1317.5128,11917.9375,1
1245.9144,130.9,1300.4778,13028.917,10/23/2021 19:00,1003.1128,80.7,1325.3741,11988.085,1
1246.5953,131,1300.4412,13027.875,10/23/2021 19:10,1003.2587,80.6,1322.9899,11968.773,1
1246.2549,130.9,1304.1796,13060.813,10/23/2021 19:20,1003.4533,80.6,1320.6338,11948.43,1
1245.7686,130.9,1291.6599,12936.193,10/23/2021 19:30,1003.0642,80.7,1311.6357,11863.181,1
1246.3036,130.9,1297.8942,13005.416,10/23/2021 19:40,1003.4047,80.6,1309.9989,11850.932,1
1245.963,130.9,1300.8658,13021.507,10/23/2021 19:50,1003.6478,80.7,1313.232,11875.057,1
1246.1576,130.9,1297.7323,12999.976,10/23/2021 20:00,1003.6478,80.7,1310.2976,11851.078,1
1246.109,130.9,1293.0841,12948.175,10/23/2021 20:10,1003.7938,80.6,1319.7965,11934.088,1
1246.109,130.9,1304.1986,12928.261,10/23/2021 20:20,1004.0369,80.7,1322.8296,11958.935,1
1246.0603,130.9,1283.9755,12849.418,10/23/2021 20:30,1003.7938,80.7,1317.3591,11913.661,1
1246.5468,131,1300.1193,13014.885,10/23/2021 20:40,1003.6965,80.7,1329.8196,12023.106,1
1246.7899,131.1,1298.4617,12999.732,10/23/2021 20:50,1003.9396,80.7,1317.0739,11909.155,1
1246.5953,131,1297.6011,12994.933,10/23/2021 21:00,1004.1829,80.7,1301.4199,11766.976,1
1246.644,131,1292.7578,12832.991,10/23/2021 21:10,1004.2801,80.7,1315.6941,11895.396,1
1246.4495,131,1300.6547,13019.394,10/23/2021 21:20,1004.3287,80.7,1310.0641,11843.218,1
1245.963,131,1292.7041,12942.763,10/23/2021 21:30,1004.3287,80.7,1310.4689,11842.408,1
1246.1576,130.9,1290.8674,12919.992,10/23/2021 21:40,1004.6206,80.7,1315.2283,11885.418,1
1245.9144,130.8,1295.5319,12980.312,10/23/2021 21:50,1004.0856,80.7,1314.156,11873.809,1
1245.4281,130.8,1294.705,12967.363,10/23/2021 22:00,1004.7178,80.7,1314.2583,11872.175,1
1245.0875,130.7,1283.893,12868.808,10/23/2021 22:10,1004.6692,80.7,1308.5533,11827.647,1
1245.0388,130.7,1291.3538,12939.97,10/23/2021 22:20,1004.426,80.7,1320.0487,11928.9795,1
1244.9417,130.7,1277.375,12794.543,10/23/2021 22:30,1004.3774,80.7,1312.9844,11864.501,1
1244.1635,130.7,1290.3711,12928.513,10/23/2021 22:40,1004.8638,80.7,1309.0076,11822.831,1
1244.5039,130.7,1267.8062,12701.684,10/23/2021 22:50,1004.6206,80.7,1304.8258,11786.332,1
1244.6984,130.7,1284.4102,12865.766,10/23/2021 23:00,1004.6206,80.7,1321.5952,11939.737,1
1244.4552,130.7,1293.8684,12969.37,10/23/2021 23:10,1004.6206,80.7,1312.7598,11857.999,1
1244.2606,130.6,1287.8013,12895.945,10/23/2021 23:20,1004.4747,80.7,1313.6528,11870.542,1
1244.2606,130.7,1291.1102,12925.372,10/23/2021 23:30,1004.426,80.7,1307.1812,11810.789,1
1244.6984,130.8,1299.0654,13014.858,10/23/2021 23:40,1004.3287,80.7,1309.7864,11834.327,1
1245.3794,130.8,1294.3223,12960.574,10/23/2021 23:50,1004.9611,80.7,1313.9203,11871.678,1
1246.644,131.2,1305.784,13079.865,10/24/2021 0:00,1004.7665,80.7,1310.3342,11838.639,1
1248.0544,131.2,1316.7294,13192.51,10/24/2021 0:10,1004.3287,80.7,1304.4655,11788.157,1
1248.8813,131.5,1318.4663,13214.758,10/24/2021 0:20,1004.9611,80.7,1314.3486,11874.909,1
1249.9513,131.7,1318.2397,13209.38,10/24/2021 0:30,1005.4962,80.8,1302.1292,11759.134,1
1250.1946,131.7,1308.2732,13111.7295,10/24/2021 0:40,1005.6907,80.8,1305.3926,11781.93,1
1251.0701,131.8,1331.1985,13349.335,10/24/2021 0:50,1006.1284,80.8,1306.368,11785.991,1
1252.5292,131.9,1319.144,13230.204,10/24/2021 1:00,1006.7121,80.7,1304.8615,11763.837,1
1253.3561,132.1,1327.3152,13200.685,10/24/2021 1:10,1006.6148,80.8,1312.9537,11837.766,1
1253.6478,132.1,1317.1511,13200.116,10/24/2021 1:20,1007.7821,80.8,1303.9697,11745.397,1
1253.8424,132.1,1332.958,13359.22,10/24/2021 1:30,1008.5603,80.8,1327.686,11946.824,1
1254.8152,132.3,1329.4635,13323.319,10/24/2021 1:40,1009.4358,80.9,1317.6162,11848.294,1
1255.5934,132.4,1332.3258,13355.239,10/24/2021 1:50,1009.6303,80.8,1303.754,11715.128,1
1256.5662,132.5,1328.7838,13327.374,10/24/2021 2:00,1010.0194,80.9,1306.5217,11735.313,1
1257.3444,132.6,1324.4093,13275.885,10/24/2021 2:10,1011.1868,80.9,1314.0029,11800.613,1
1257.7335,132.7,1340.5343,13432.781,10/24/2021 2:20,1012.1595,80.9,1314.2667,11784.042,1
1258.7063,132.7,1328.4033,13316.702,10/24/2021 2:30,1012.6459,80.9,1303.6143,11679.155,1
1258.5603,132.6,1326.3248,13291.959,10/24/2021 2:40,1013.9105,80.9,1313.4432,11755.9,1
1258.7549,132.6,1311.4567,13141.409,10/24/2021 2:50,1014.3969,80.9,1299.2039,11627.568,1
1257.7335,132.5,1309.7017,13118.427,10/24/2021 3:00,1014.6887,80.9,1316.2605,11764.774,1
1258.3171,132.5,1313.5645,13151.024,10/24/2021 3:10,1015.4669,81,1306.4434,11664.58,1
1258.4144,132.6,1333.5802,13359.173,10/24/2021 3:20,1016.391,81,1312.1216,11716.528,1
1259.5331,132.7,1311.4703,13137.777,10/24/2021 3:30,1016.2451,81,1318.3607,11770.103,1
1260.5059,132.8,1321.7163,13234.971,10/24/2021 3:40,1017.3152,81,1309.2278,11678.9795,1
1261.0895,132.8,1323.8004,13273.683,10/24/2021 3:50,1017.5584,81.1,1311.967,11696.566,1
1261.2354,133,1327.1555,13286.401,10/24/2021 4:00,1018.4825,81.1,1300.0646,11577.515,1
1262.354,133.1,1331.8,13339.864,10/24/2021 4:10,1019.4066,81.1,1320.2139,11755.702,1
1262.0135,132.9,1315.1707,13173.297,10/24/2021 4:20,1019.8444,81.1,1317.6642,11721.783,1
1262.7433,133.1,1317.175,13195.7,10/24/2021 4:30,1020.7198,81.1,1288.9097,11456.859,1
1262.6945,133,1317.2299,13166.472,10/24/2021 4:40,1020.9144,81.1,1313.3313,11675.178,1
1262.354,132.9,1316.4691,13183.978,10/24/2021 4:50,1021.7412,81.2,1318.4996,11708.692,1
1262.0623,132.8,1300.5311,13022.745,10/24/2021 5:00,1021.7899,81.1,1311.4052,11633.968,1
1261.8677,132.8,1310.0679,13117.559,10/24/2021 5:10,1022.5681,81.2,1307.6659,11591.581,1
1262.7433,132.8,1321.5217,13236.225,10/24/2021 5:20,1023.4436,81.1,1304.1294,11557.174,1
1262.4027,132.9,1325.7183,13276.6045,10/24/2021 5:30,1023.6382,81.1,1322.4294,11716.246,1
1262.5486,132.8,1300.3265,13026.908,10/24/2021 5:40,1023.7841,81.1,1309.8228,11607.408,1
1262.2081,132.8,1291.1295,12928.019,10/24/2021 5:50,1024.465,81.2,1302.8342,11535.71,1
1262.354,132.7,1292.7875,12936.254,10/24/2021 6:00,1024.7568,81.1,1307.4321,11575.808,1
1261.7704,132.6,1298.7878,13007.76,10/24/2021 6:10,1025.1946,81.2,1305.1292,11544.03,1
1261.8677,132.5,1295.7595,12987.935,10/24/2021 6:20,1025.1459,81.1,1312.7196,11608.1,1
1261.3813,132.6,1312.1154,13148.783,10/24/2021 6:30,1025.3892,81.2,1307.6221,11567.702,1
1261.1381,132.4,1296.7034,12989.084,10/24/2021 6:40,1025.2432,81.1,1300.36,11498.806,1
1259.9708,132.2,1278.3059,12800.282,10/24/2021 6:50,1025,81.1,1309.4132,11578.251,1
1258.998,132.1,1292.8673,12946.092,10/24/2021 7:00,1025.3892,81.1,1313.5507,11618.519,1
1258.074,131.7,1283.559,12836.449,10/24/2021 7:10,1025.3405,81.1,1295.2917,11451.568,1
1257.6362,131.7,1275.6346,12761.698,10/24/2021 7:20,1024.3677,81.1,1299.2983,11496.708,1
1257.1985,131.7,1275.6226,12771.161,10/24/2021 7:30,1025.4863,81,1317.018,11648.166,1
1256.712,131.8,1279.7775,12814.931,10/24/2021 7:40,1024.1732,81,1307.1954,11571.479,1
1256.9553,131.7,1273.0822,12738.325,10/24/2021 7:50,1023.9786,80.9,1319.3337,11679.36,1
1256.5175,131.7,1279.2961,12763.743,10/24/2021 8:00,1023.4922,80.9,1312.9415,11624.619,1
1256.712,131.7,1293.706,12957.537,10/24/2021 8:10,1023.5895,81,1312.6038,11631.877,1
1257.2958,131.9,1292.5259,12938.872,10/24/2021 8:20,1022.7141,81,1315.4595,11658.418,1
1257.8308,132.1,1295.859,12979.864,10/24/2021 8:30,1022.8113,80.9,1309.4127,11603.202,1
1258.1713,132.1,1291.3136,12929.015,10/24/2021 8:40,1022.1303,80.9,1314.4219,11659.101,1
1258.609,132.3,1316.848,13189.232,10/24/2021 8:50,1022.1303,80.9,1318.4954,11696.698,1
1260.3113,132.4,1310.3842,13118.589,10/24/2021 9:00,1021.6439,81,1304.1803,11570.319,1
1260.3113,132.5,1295.1863,12972.451,10/24/2021 9:10,1021.3035,80.9,1312.6122,11643.89,1
1260.0194,132.5,1309.1228,13115.123,10/24/2021 9:20,1021.7412,80.9,1306.6383,11592.126,1
1260.3599,132.5,1287.7948,12895.299,10/24/2021 9:30,1021.3035,80.9,1318.4006,11693.998,1
1261.5272,132.6,1301.1539,13030.602,10/24/2021 9:40,1021.5953,80.9,1318.2012,11692.229,1
1263.0837,133.1,1332.7963,13356.027,10/24/2021 9:50,1022.033,80.9,1312.3505,11639.101,1
1266.4883,133.7,1348.3527,13516.687,10/24/2021 10:00,1022.179,80.9,1316.2389,11674.206,1
1268.9203,134.1,1335.6938,13392.247,10/24/2021 10:10,1022.86,80.9,1299.4938,11527.298,1
1268.5798,133.9,1328.3046,13314.242,10/24/2021 10:20,1023.5409,81.1,1308.7189,11597.23,1
1268.1907,133.6,1311.1635,13156.932,10/24/2021 10:30,1023.6868,81,1316.4276,11658.353,1
1268.2393,133.7,1336.6772,13398.166,10/24/2021 10:40,1024.8541,81.1,1305.7529,11552.81,1
1269.0176,133.9,1320.4801,13233.479,10/24/2021 10:50,1025.7296,81,1313.5496,11619.948,1
1269.6498,133.8,1316.4185,13194.232,10/24/2021 11:00,1025.5836,81.2,1325.9458,11726.703,1
1268.2878,133.7,1319.4097,13221.289,10/24/2021 11:10,1026.7996,81.1,1300.2336,11477.672,1
1268.142,133.5,1302.0525,13043.433,10/24/2021 11:20,1028.7938,81.2,1297.8575,11438.997,1
1268.6771,133.4,1311.8433,13134.741,10/24/2021 11:30,1029.8152,81.2,1302.2587,11462.69,1
1268.7257,133.4,1302.9056,13047.555,10/24/2021 11:40,1029.4261,81.2,1310.6301,11537.591,1
1268.6771,133.4,1322.798,13249.787,10/24/2021 11:50,1030.788,81,1298.3881,11409.165,1
1269.7471,133.7,1296.0059,12979.808,10/24/2021 12:00,1031.0311,81.2,1320.43,11606.757,1
1270.7198,133.8,1318.7794,13209.535,10/24/2021 12:10,1030.9338,81.2,1310.3015,11521.965,1
1271.109,134,1331.0193,13329.784,10/24/2021 12:20,1032.1498,81.2,1297.7505,11400.387,1
1272.4708,134,1338.3175,13403.662,10/24/2021 12:30,1032.393,81.1,1300.2327,11413.795,1
1274.1245,134.2,1328.2681,13307.707,10/24/2021 12:40,1033.4143,81.2,1287.6595,11292.578,1
1274.6595,134.4,1331.0212,13341.473,10/24/2021 12:50,1034.2413,81.1,1309.0496,11461.688,1
1276.1187,134.5,1323.2734,13256.108,10/24/2021 13:00,1035.2627,81.2,1291.5884,11310.255,1
1277.1887,134.6,1338.8734,13412.476,10/24/2021 13:10,1036.0409,81.3,1313.0681,11486.316,1
1277.0914,134.5,1324.0942,13265.891,10/24/2021 13:20,1036.8191,81.2,1312.6075,11470.438,1
1277.8696,134.6,1327.3098,13291.763,10/24/2021 13:30,1037.9863,81.3,1294.5444,11298.848,1
1278.7937,134.6,1315.5494,13170.897,10/24/2021 13:40,1039.2023,81.3,1286.8541,11220.592,1
1278.4047,134.5,1319.4104,13147.673,10/24/2021 13:50,1039.5914,81.3,1296.8531,11303.201,1
1279.7179,134.5,1322.8184,13234.339,10/24/2021 14:00,1040.7102,81.3,1307.1736,11374.608,1
1280.3502,134.6,1317.1348,13169.659,10/24/2021 14:10,1042.4125,81.3,1289.7123,11202.237,1
1280.4475,134.6,1325.6938,13257.489,10/24/2021 14:20,1043.7257,81.3,1289.6575,11185.346,1
1281.2257,134.6,1319.6243,13176.071,10/24/2021 14:30,1043.677,81.2,1304.94,11317.551,1
1280.5448,134.5,1303.7197,13012.69,10/24/2021 14:40,1044.3093,81.4,1291.4603,11195.749,1
1280.9825,134.5,1302.4843,13001.809,10/24/2021 14:50,1044.212,81.3,1307.608,11335.856,1
1282.5875,134.8,1316.407,13155.355,10/24/2021 15:00,1045.6226,81.3,1283.7201,11112.029,1
1282.4902,134.6,1305.6195,13042.197,10/24/2021 15:10,1046.644,81.3,1297.5555,11217.242,1
1282.928,134.7,1321.1953,13198.5625,10/24/2021 15:20,1047.0331,81.3,1297.8387,11219.11,1
1283.9008,134.9,1331.3378,13292.17,10/24/2021 15:30,1048.1517,81.3,1299.2122,11215.871,1
1283.7549,134.9,1317.2084,13141.089,10/24/2021 15:40,1047.5195,81.3,1315.8538,11364.829,1
1284.4358,134.9,1331.2598,13292.948,10/24/2021 15:50,1049.8541,81.3,1291.9076,11135.522,1
1283.8035,134.8,1317.532,13156.645,10/24/2021 16:00,1050.7295,81.4,1287.2379,11086.013,1
1283.2684,134.8,1306.4778,13046.259,10/24/2021 16:10,1050.0973,81.3,1314.3186,11323.425,1
1284.3385,135,1308.252,13077.611,10/24/2021 16:20,1050.535,81.3,1290.8229,11118.127,1
1284.6304,135,1303.3406,13015.772,10/24/2021 16:30,1051.6537,81.3,1291.5359,11104.763,1
1284.6304,134.9,1294.699,12936.98,10/24/2021 16:40,1051.9943,81.3,1299.1873,11166.518,1
1285.214,135,1306.9954,13062.833,10/24/2021 16:50,1051.751,81.2,1310.139,11264.803,1
1285.7003,134.9,1311.3309,13099.331,10/24/2021 17:00,1053.2101,81.2,1283.8231,11023.174,1
1285.8463,135,1318.2211,13131.033,10/24/2021 17:10,1053.5992,81.3,1304.0022,11185.406,1
1286.3813,135.2,1301.8745,13008.602,10/24/2021 17:20,1053.4534,81.3,1306.1763,11207.517,1
1276.9941,132.9,1206.9438,12017.69,10/24/2021 17:30,1054.0856,81.3,1300.9949,11159.61,1
1274.5137,132.6,1235.438,12279.165,10/24/2021 17:40,1054.8152,81.3,1293.7719,11094.228,1
1275.2432,132.9,1260.7443,12536.538,10/24/2021 17:50,1054.572,81.2,1290.5525,11060.432,1
1274.1245,132.6,1239.6946,12263.671,10/24/2021 18:00,1054.961,81.2,1292.3518,11069.587,1
1269.4066,131.5,1205.7429,11958.201,10/24/2021 18:10,1053.6965,81.2,1312.4594,11262.665,1
1267.4125,131,1211.3888,12009.916,10/24/2021 18:20,1051.8483,81.1,1316.0955,11310.264,1
1262.5,130.1,1170.5765,11583.726,10/24/2021 18:30,1050.4863,81,1314.1926,11303.914,1
1260.1167,129.9,1178.8555,11650.11,10/24/2021 18:40,1049.465,80.9,1305.1885,11238.166,1
1260.6031,129.9,1191.0443,11767.152,10/24/2021 18:50,1047.7627,80.9,1315.8798,11349.001,1
1260.3599,130,1191.052,11774.772,10/24/2021 19:00,1046.2063,80.9,1308.1517,11301.179,1
1260.2627,130.1,1216.8555,12030.536,10/24/2021 19:10,1044.4552,80.8,1307.5483,11317.101,1
1259.0953,129.8,1209.4406,11956.504,10/24/2021 19:20,1042.6556,80.8,1317.9663,11428.049,1
1257.9281,129.6,1216.7157,12031.918,10/24/2021 19:30,1041.0992,80.7,1320.8567,11468.755,1
1257.1985,129.7,1215.0568,12020.431,10/24/2021 19:40,1039.4454,80.7,1317.0166,11461.092,1
1254.7665,129.5,1207.5729,11847.826,10/24/2021 19:50,1037.9377,80.7,1302.1768,11341.566,1
1253.3561,129.1,1191.888,11779.588,10/24/2021 20:00,1035.6031,80.6,1303.7593,11380.773,1
1250.7295,128.8,1200.2922,11861.299,10/24/2021 20:10,1034.5818,80.6,1305.5995,11408.338,1
1250.6809,128.9,1225.3293,12117.894,10/24/2021 20:20,1033.1711,80.6,1310.8519,11480.1045,1
1249.2704,128.8,1212.0503,11975.379,10/24/2021 20:30,1031.3716,80.5,1308.3495,11472.815,1
1247.3735,128.5,1198.7548,11847.454,10/24/2021 20:40,1029.6206,80.6,1301.6409,11434.43,1
1246.0603,128.5,1214.6263,12004.315,10/24/2021 20:50,1028.0155,80.5,1315.9119,11584.195,1
1245.8171,128.4,1227.22,12135.825,10/24/2021 21:00,1026.3132,80.5,1306.5879,11523.998,1
1244.6984,128.5,1214.6525,12010.849,10/24/2021 21:10,1024.611,80.5,1305.5402,11531.817,1
1244.2606,128.4,1226.7343,12131.664,10/24/2021 21:20,1022.4709,80.4,1310.5651,11597.272,1
1244.212,128.4,1246.015,12332.359,10/24/2021 21:30,1021.3521,80.3,1324.7097,11742.577,1
1244.6984,128.7,1250.4569,12368.453,10/24/2021 21:40,1019.5526,80.3,1319.4479,11715.84,1
1246.644,129.1,1258.6576,12453.183,10/24/2021 21:50,1017.7529,80.3,1317.3153,11714.969,1
1246.6926,129.2,1264.2744,12506.608,10/24/2021 22:00,1016.7316,80.4,1314.4816,11704.723,1
1247.2277,129.2,1249.4696,12369.424,10/24/2021 22:10,1015.2723,80.3,1311.6608,11701.434,1
1247.86,129.5,1268.4407,12560.919,10/24/2021 22:20,1014.7374,80.3,1318.427,11770.218,1
1249.0758,129.6,1283,12699.154,10/24/2021 22:30,1013.8132,80.3,1314.3625,11740.577,1
1249.5135,129.8,1281.9067,12694.969,10/24/2021 22:40,1012.4514,80.3,1320.5148,11808.151,1
1250,130,1284.5875,12734.836,10/24/2021 22:50,1011.9164,80.3,1319.6915,11807.737,1
1249.465,130,1284.7069,12728.657,10/24/2021 23:00,1011.9164,80.3,1321.2295,11827.194,1
1250.0973,129.7,1284.2885,12715.676,10/24/2021 23:10,1011.3327,80.4,1315.1261,11782.02,1
1249.7568,129.9,1288.5554,12766.045,10/24/2021 23:20,1011.7218,80.4,1315.4093,11788.706,1
1250.7782,130.1,1294.9357,12826.312,10/24/2021 23:30,1011.2841,80.4,1316.1826,11798.798,1
1250.7295,129.9,1297.3529,12854.698,10/24/2021 23:40,1010.5058,80.4,1322.8185,11859.554,1
1250,129.9,1295.5177,12843.192,10/24/2021 23:50,1010.7491,80.5,1320.049,11832.822,1
1248.8326,129.7,1272.3387,12832.154,10/25/2021 0:00,1010.6031,80.5,1317.878,11813.363,1
1249.3191,129.6,1282.0903,12692.436,10/25/2021 0:10,1010.8464,80.5,1326.5642,11899.235,1
1249.5623,129.8,1290.2692,12786.741,10/25/2021 0:20,1010.0681,80.5,1310.6995,11756.299,1
1249.6108,129.9,1289.5624,12772.426,10/25/2021 0:30,1010.1167,80.5,1325.075,11892.888,1
1249.3677,129.8,1295.6125,12833.763,10/25/2021 0:40,1009.0467,80.5,1310.049,11759.287,1
1248.2004,129.6,1282.9982,12697.029,10/25/2021 0:50,1009.8735,80.5,1313.9236,11792.802,1
1248.249,129.5,1278.36,12661.355,10/25/2021 1:00,1009.9221,80.5,1302.8654,11707.359,1
1247.8113,129.5,1296.8522,12836.337,10/25/2021 1:10,1009.3871,80.6,1310.956,11775.355,1
1247.7627,129.5,1275.1339,12627.973,10/25/2021 1:20,1009.2412,80.6,1316.8264,11836.973,1
1247.9572,129.6,1290.375,12788.533,10/25/2021 1:30,1009.0467,80.5,1316.4082,11820.172,1
1247.9086,129.5,1284.6315,12728.691,10/25/2021 1:40,1008.8521,80.5,1320.9712,11872.6045,1
1247.325,129.5,1292.6826,12803.995,10/25/2021 1:50,1008.2198,80.6,1315.7445,11836.775,1
1247.6654,129.4,1292.5892,12795.702,10/25/2021 2:00,1008.5603,80.6,1321.6697,11883.985,1
1246.0117,129.3,1282.7437,12694.546,10/25/2021 2:10,1008.2198,80.6,1314.8125,11824.58,1
1246.3036,129.3,1277.8158,12653.834,10/25/2021 2:20,1007.7821,80.5,1315.8589,11840.002,1
1245.8658,129.2,1267.4548,12547.547,10/25/2021 2:30,1008.463,80.6,1324.8239,11926.14,1
1245.6713,129.1,1288.249,12754.852,10/25/2021 2:40,1008.2198,80.5,1313.2133,11819.08,1
1244.893,129.1,1280.8043,12667.249,10/25/2021 2:50,1007.4417,80.6,1318.4768,11876.661,1
1244.7471,129.1,1286.6359,12734.51,10/25/2021 3:00,1007.2471,80.6,1311.4473,11810.8,1
1243.7743,129,1281.0938,12627.116,10/25/2021 3:10,1007.1012,80.6,1321.0602,11898.652,1
1243.9689,129,1276.4792,12636.924,10/25/2021 3:20,1006.6148,80.6,1302.1797,11739.325,1
1242.072,128.7,1271.7974,12586.146,10/25/2021 3:30,1005.8853,80.5,1320.3572,11906.4,1
1242.5583,128.7,1269.0579,12565.645,10/25/2021 3:40,1005.642,80.5,1321.3307,11917.406,1
1240.0779,128.4,1262.2173,12486.325,10/25/2021 3:50,1005.3016,80.5,1306.3663,11788.149,1
1239.0564,128.3,1268.224,12550.055,10/25/2021 4:00,1004.9611,80.5,1312.3484,11848.205,1
1238.2782,128,1259.6869,12467.747,10/25/2021 4:10,1004.5233,80.6,1308.3431,11826.695,1
1237.5486,127.9,1236.6658,12232.139,10/25/2021 4:20,1003.8424,80.5,1305.5745,11798.16,1
1237.1595,127.9,1253.97,12404.707,10/25/2021 4:30,1003.1614,80.5,1306.4252,11814.767,1
1237.0623,127.9,1270.3378,12572.468,10/25/2021 4:40,1002.7723,80.5,1306.2474,11822.089,1
1237.5,128.1,1268.8418,12558.393,10/25/2021 4:50,1001.5564,80.5,1321.6768,11970.778,1
1237.3054,128.1,1276.5569,12489.2295,10/25/2021 5:00,1001.4105,80.5,1318.4427,11949.881,1
1236.8191,128.1,1279.1464,12644.972,10/25/2021 5:10,1000.681,80.5,1306.2389,11845.032,1
1236.2354,128,1264.9312,12509.535,10/25/2021 5:20,1000,80.4,1299.779,11797.627,1
1236.3326,128,1263.3916,12492.857,10/25/2021 5:30,999.6109,80.5,1309.7072,11890.627,1
1236.3813,128,1274.4133,12609.939,10/25/2021 5:40,999.0273,80.4,1324.678,12036.659,1
1235.8949,128,1264.2345,12515.703,10/25/2021 5:50,997.4708,80.4,1317.931,11978.599,1
1231.4202,127.3,1232.3259,12180.007,10/25/2021 6:00,997.8113,80.4,1327.5024,12080.651,1
1228.3074,126.6,1225.7732,12142.672,10/25/2021 6:10,997.4708,80.5,1319.0188,12004.099,1
1225.4863,126.2,1209.6547,11964.238,10/25/2021 6:20,996.3035,80.4,1311.7119,11956.412,1
1223.6382,126.1,1228.6561,12138.799,10/25/2021 6:30,995.8658,80.4,1320.1542,12033.364,1
1226.3618,126.6,1255.5126,12409.178,10/25/2021 6:40,994.4066,80.3,1310.6553,11965.34,1
1227.5779,126.8,1265.5159,12513.8955,10/25/2021 6:50,992.6556,80.4,1312.8635,12007.062,1
1227.0914,126.9,1262.3992,12485.252,10/25/2021 7:00,991.6829,80.3,1315.4583,12038.01,1
1227.7238,126.9,1258.9114,12460.865,10/25/2021 7:10,990.8074,80.3,1313.0856,12032.041,1
1226.5564,126.7,1266.1011,12450.361,10/25/2021 7:20,989.9805,80.3,1302.6946,11952.485,1
1226.0701,126.7,1260.1609,12471.059,10/25/2021 7:30,989.0078,80.3,1323.6749,12152.953,1
1225.7782,126.6,1267.7832,12543.573,10/25/2021 7:40,987.7432,80.3,1312.2856,12063.557,1
1226.1187,126.8,1259.9385,12459.437,10/25/2021 7:50,987.4028,80.3,1331.1638,12245.141,1
1225.7782,126.6,1277.245,12639.395,10/25/2021 8:00,986.965,80.3,1299.7592,11968.709,1
1225.389,126.7,1276.2002,12621.013,10/25/2021 8:10,985.9435,80.3,1310.6543,12084.27,1
1224.4164,126.6,1261.2588,12471.83,10/25/2021 8:20,985.0681,80.3,1321.0397,12180.022,1
1225.4377,126.8,1279.0273,12651.882,10/25/2021 8:30,984.6304,80.3,1310.398,12095.18,1
1225.8755,126.9,1285.7782,12721.617,10/25/2021 8:40,984.3385,80.3,1313.8754,12129.94,1
1225.1459,126.8,1270.8846,12574.99,10/25/2021 8:50,982.928,80.3,1327.4637,12272.242,1
1225.4377,126.8,1274.5928,12613.917,10/25/2021 9:00,982.5389,80.2,1306.9497,12085.673,1
1224.6595,126.6,1268.2542,12552.647,10/25/2021 9:10,983.3658,80.3,1307.7673,12088.822,1
1223.4922,126.5,1262.2518,12497.602,10/25/2021 9:20,983.074,80.3,1307.7164,12095.002,1
1221.4493,126.2,1252.1982,12395.175,10/25/2021 9:30,982.5389,80.2,1307.269,12094.857,1
1212.5486,124.3,1177.2883,11640.704,10/25/2021 9:40,981.7121,80.2,1305.1107,12081.964,1
1209.4358,124.3,1187.5171,11747.301,10/25/2021 9:50,982.1498,80.2,1304.0757,12074.377,1
1232.1012,111.9,1319.8994,12091.961,2/14/2022 0:10,1002.2374,70.9,1292.6307,11362.508,2
1231.7606,112,1300.579,11917.356,2/14/2022 0:20,1003.0156,70.8,1293.9131,11362.788,2
1231.8579,111.7,1313.2828,12034.739,2/14/2022 0:30,1002.5292,70.9,1300.737,11433.765,2
1232.8307,112.1,1311.589,12021.252,2/14/2022 0:40,1002.4319,70.8,1286.7386,11307.1875,2
1233.0253,112.1,1313.0187,12045.137,2/14/2022 0:50,1002.7237,70.9,1300.373,11426.199,2
1235.6031,112.9,1329.5009,12194.366,2/14/2022 1:00,1002.6265,70.9,1305.1221,11475.441,2
1236.0895,112.7,1333.1555,12223.057,2/14/2022 1:10,1002.7723,70.9,1298.5648,11410.486,2
1229.6693,111.9,1256.2704,11504.208,2/14/2022 1:20,1002.5778,71,1310.0022,11508.925,2
1221.7899,109.4,1202.5076,11005.326,2/14/2022 1:30,1002.2374,70.9,1306.4634,11487.234,2
1216.7316,108.6,1185.0614,10835.609,2/14/2022 1:40,1002.5778,70.9,1297.2058,11408.7705,2
1213.1809,108.3,1186.0732,10855.258,2/14/2022 1:50,1002.9669,70.9,1270.4244,11160,2
1210.6031,107.8,1186.1511,10846.52,2/14/2022 2:00,1002.0428,70.9,1272.5005,11188.001,2
1208.998,108,1202.3368,10999.765,2/14/2022 2:10,1002.286,70.9,1260.6987,11085.448,2
1209.679,108,1221.78,11177.645,2/14/2022 2:20,1002.7237,70.9,1260.8794,11075.717,2
1208.4144,108.1,1217.3423,11135.507,2/14/2022 2:30,1003.2101,70.7,1239.5391,10887.666,2
1212.1595,108.6,1264.9563,11577.218,2/14/2022 2:40,1003.2587,70.7,1243.2501,10914.472,2
1216.3424,109.7,1281.6549,11735.341,2/14/2022 2:50,1003.2101,70.9,1223.467,10740.049,2
1220.2334,110.4,1298.3182,11903.65,2/14/2022 3:00,1003.5505,70.7,1243.7352,10913.966,2
1222.7627,110.8,1317.0485,12068.268,2/14/2022 3:10,1003.3074,70.7,1239.9354,10884.186,2
1224.5623,111.4,1318.2311,12079.104,2/14/2022 3:20,1003.1128,70.7,1244.4531,10919.671,2
1227.14,111.6,1308.6273,11996.814,2/14/2022 3:30,1003.356,70.6,1255.1489,11043.547,2
1229.3289,111.8,1331.154,12189.949,2/14/2022 3:40,1002.9183,70.7,1274.8091,11197.024,2
1230.7393,112.1,1327.1161,12164.638,2/14/2022 3:50,1003.0156,70.7,1271.169,11157.136,2
1232.7821,112.5,1339.9254,12281.357,2/14/2022 4:00,1002.7723,70.7,1270.1243,11151.616,2
1234.9708,112.4,1339.7198,12283.242,2/14/2022 4:10,1002.7723,70.7,1292.0067,11345.601,2
1234.9708,112.7,1335.644,12245.182,2/14/2022 4:20,1002.6265,70.7,1290.6606,11335.017,2
1235.7004,112.8,1331.3872,12207.833,2/14/2022 4:30,1002.5778,70.7,1298.0311,11402.236,2
1236.0895,112.5,1324.5952,12142.516,2/14/2022 4:40,1002.6751,70.7,1296.3947,11383.512,2
1235.0195,112.2,1317.7365,12080.026,2/14/2022 4:50,1002.6265,70.7,1302.5852,11436.17,2
1234.7762,112.2,1316.0946,12062.549,2/14/2022 5:00,1002.5292,70.7,1307.984,11490.292,2
1234.8735,112.4,1321.1355,12108.749,2/14/2022 5:10,1002.2374,70.7,1303.1013,11447.399,2
1235.1167,112.3,1307.6183,11983.506,2/14/2022 5:20,1003.5019,70.7,1295.5746,11376.311,2
1234.8735,112.3,1318.1053,12080.978,2/14/2022 5:30,1002.821,70.9,1301.8583,11418.302,2
1235.5544,112.4,1319.3282,12092.868,2/14/2022 5:40,1002.5292,70.8,1273.0494,11189.773,2
1234.7762,112.3,1309.2222,12002.269,2/14/2022 5:50,1002.3346,70.9,1304.2725,11458.587,2
1235.5059,113,1315.6559,12057.166,2/14/2022 6:00,1002.8696,70.9,1307.3191,11481.143,2
1235.2627,112.6,1312.0474,12031.563,2/14/2022 6:10,1002.1401,71,1309.9626,11517.822,2
1235.7004,112.9,1310.3978,12014.02,2/14/2022 6:20,1002.5778,71,1303.0767,11454.777,2
1235.9922,112.8,1321.7388,12119.065,2/14/2022 6:30,1002.0914,70.9,1301.5281,11442.591,2
1236.3813,112.5,1321.776,12118.724,2/14/2022 6:40,1002.6265,70.9,1309.0656,11510.742,2
1236.2354,112.6,1320.2938,12107.094,2/14/2022 6:50,1002.6265,71,1312.8269,11541.746,2
1235.9436,112.7,1320.5621,12114.728,2/14/2022 7:00,1002.3346,70.9,1311.6981,11533.891,2
1235.7977,112.4,1314.8824,12049.78,2/14/2022 7:10,1002.3832,71,1303.2396,11456.21,2
1237.1108,112.5,1312.9124,12038.137,2/14/2022 7:20,1005.4962,71.1,1265.2314,11089.255,2
1235.9436,112.6,1312.9519,12047.924,2/14/2022 7:30,1007.4903,71.1,1272.4523,11131.947,2
1236.5272,112.7,1310.5538,12010.409,2/14/2022 7:40,1008.4144,71.1,1269.0913,11092.299,2
1236.8191,112.3,1319.0354,12084.728,2/14/2022 7:50,1009.4844,71.1,1271.6653,11102.14,2
1236.3326,112.5,1316.352,12071.038,2/14/2022 8:00,1010.5544,71.1,1278.6808,11147.0625,2
1236.7218,112.6,1314.0559,12047.942,2/14/2022 8:10,1011.965,71.2,1258.6549,10955.144,2
1237.1108,112.6,1299.3479,11914.729,2/14/2022 8:20,1012.2082,71.2,1271.9568,11073.914,2
1237.3054,112.6,1305.0531,11960.378,2/14/2022 8:30,1014.0078,71.1,1248.8281,10838.069,2
1237.9863,112.5,1298.1882,11908.508,2/14/2022 8:40,1016.1478,71.2,1231.239,10662.399,2
1237.4027,112.7,1282.6782,11770.505,2/14/2022 8:50,1018.5311,71.1,1225.9376,10598.118,2
1237.4027,112.4,1306.9882,11988.555,2/14/2022 9:00,1018.8716,71.2,1243.4839,10743.544,2
1238.4728,112.7,1295.5303,11880.772,2/14/2022 9:10,1020.7685,71.1,1230.1409,10599.84,2
1239.0077,113.2,1305.9526,11978.379,2/14/2022 9:20,1022.2762,71.1,1235.8079,10632.043,2
1240.5156,112.9,1294.5776,11881.427,2/14/2022 9:30,1023.7841,71.2,1238.3835,10641.582,2
1239.2023,112.4,1287.0863,11802.669,2/14/2022 9:40,1025.3405,71.2,1225.3745,10512.352,2
1236.5759,112.4,1257.9188,11529.994,2/14/2022 9:50,1026.5564,71.1,1230.652,10536.284,2
1236.4786,112.2,1269.5874,11642.203,2/14/2022 10:00,1028.0642,71.2,1225.0386,10478.664,2
1234.9222,111.9,1239.4691,11366.016,2/14/2022 10:10,1029.9125,71.3,1228.569,10500.971,2
1234.6304,112.3,1245.9282,11415.579,2/14/2022 10:20,1024.3191,70.9,1344.1288,11531.962,2
1232.8307,111.5,1237.47,11342.84,2/14/2022 10:30,1030.3988,71.2,1224.9196,10455.301,2
1231.2743,111.4,1223.9132,11212.605,2/14/2022 10:40,1030.2529,71.1,1221.646,10413.031,2
1230.107,111.1,1218.4501,11169.131,2/14/2022 10:50,1030.3988,71.1,1197.4497,10211.131,2
1228.0156,110.7,1207.2694,11064.418,2/14/2022 11:00,1031.2257,71,1224.4641,10430.987,2
1226.3132,110,1207.3296,11057.56,2/14/2022 11:10,1030.788,71,1224.3096,10430.779,2
1225.535,110.3,1192.3118,10924.599,2/14/2022 11:20,1030.3502,71,1229.4081,10483.176,2
1224.7568,110,1200.2012,10994.752,2/14/2022 11:30,1029.7179,70.9,1218.1461,10385.486,2
1224.2704,110,1199.6666,10991.716,2/14/2022 11:40,1029.2802,70.8,1243.1292,10519.803,2
1223.6868,109.8,1206.4413,11047.554,2/14/2022 11:50,1028.8424,70.8,1232.8284,10522.983,2
1224.5137,110.4,1215.4453,11135.657,2/14/2022 12:00,1026.9941,70.8,1226.0304,10480.085,2
1225.4377,110.4,1218.1006,11160.614,2/14/2022 12:10,1027.286,70.7,1235.8325,10566.127,2
1225.1946,110.3,1222.2719,11197.29,2/14/2022 12:20,1026.9456,70.7,1234.0155,10546.138,2
1223.6868,110,1201.881,11005.52,2/14/2022 12:30,1025.7296,70.7,1230.6299,10540.265,2
1223.4436,109.9,1200.7244,11001.06,2/14/2022 12:40,1025.535,70.6,1223.4186,10475.757,2
1223.0544,109.9,1208.3994,11072.977,2/14/2022 12:50,1025.4863,70.7,1229.3925,10534.173,2
1221.1089,109.2,1197.659,10964.043,2/14/2022 13:00,1024.3191,70.7,1232.4691,10566.187,2
1222.2277,109.8,1218.2947,11172.118,2/14/2022 13:10,1024.2218,70.6,1216.324,10425.6,2
1222.0818,109.7,1214.4016,11131.118,2/14/2022 13:20,1023.3463,70.6,1228.5449,10542.199,2
1221.1576,109.6,1202.5762,11030.819,2/14/2022 13:30,1023.1031,70.5,1235.3945,10512.795,2
1219.212,109,1176.4279,10777.578,2/14/2022 13:40,1022.86,70.5,1223.4271,10503.91,2
1218.7743,109,1202.9097,11011.144,2/14/2022 13:50,1021.7899,70.6,1228.1877,10556.664,2
1218.0448,109.1,1206.1975,11031.635,2/14/2022 14:00,1020.8657,70.5,1245.3357,10713.328,2
1217.8988,109,1196.3171,10949.288,2/14/2022 14:10,1020.2821,70.5,1233.552,10611.386,2
1220.3794,109.6,1241.2245,11354.543,2/14/2022 14:20,1019.5039,70.5,1238.7925,10674.233,2
1221.352,109.8,1240.2565,11341.915,2/14/2022 14:30,1018.3853,70.4,1244.6487,10728.241,2
1221.6439,109.9,1235.5425,11307.377,2/14/2022 14:40,1017.8989,70.4,1235.1494,10649.801,2
1221.7899,109.8,1232.9524,11274.771,2/14/2022 14:50,1018.0934,70.4,1223.9377,10558.244,2
1221.4493,109.7,1227.4541,11217.483,2/14/2022 15:00,1016.9747,70.4,1234.5247,10653.678,2
1219.5525,109.2,1221.365,11153.387,2/14/2022 15:10,1017.3152,70.3,1229.3234,10607.648,2
1222.2277,110,1253.8174,11475.849,2/14/2022 15:20,1017.218,70.4,1216.0006,10500.518,2
1223.8326,110.4,1258.8083,11540.752,2/14/2022 15:30,1016.4883,70.3,1220.1316,10534.576,2
1224.7081,110.6,1260.2035,11527.219,2/14/2022 15:40,1016.8775,70.3,1228.443,10602.336,2
1224.9514,110.3,1262.6276,11543.536,2/14/2022 15:50,1016.391,70.3,1243.4236,10740.312,2
1226.5564,110.7,1261.272,11550.661,2/14/2022 16:00,1016.7802,70.3,1232.4392,10641.413,2
1225.9728,110.8,1252.117,11467.106,2/14/2022 16:10,1017.5584,70.3,1214.0156,10473.867,2
1228.5507,111.1,1290.8607,11832.3125,2/14/2022 16:20,1016.9261,70.3,1220.801,10540.266,2
1228.4047,111.2,1269.0503,11613.378,2/14/2022 16:30,1018.0934,70.4,1231.6846,10634.91,2
1229.5233,111.3,1260.7802,11543.841,2/14/2022 16:40,1017.6557,70.4,1237.8958,10684.981,2
1227.7725,110.9,1247.8181,11421.938,2/14/2022 16:50,1018.5311,70.5,1232.9166,10632.751,2
1227.5779,110.9,1257.4402,11511.673,2/14/2022 17:00,1019.0662,70.4,1234.0688,10631.898,2
1228.4534,110.9,1257.1626,11505.887,2/14/2022 17:10,1019.4553,70.5,1232.6898,10621.079,2
1225.8268,110.1,1233.434,11273.457,2/14/2022 17:20,1019.5526,70.4,1243.8407,10707.446,2
1225.0973,110.2,1244.7122,11387.73,2/14/2022 17:30,1020.6712,70.4,1236.3826,10632.385,2
1223.6382,110.1,1236.0226,11314.536,2/14/2022 17:40,1020.0389,70.5,1244.9545,10718.107,2
1223.4436,110,1242.0288,11364.815,2/14/2022 17:50,1019.5526,70.4,1246.2048,10733.567,2
1225.1459,110.4,1250.0597,11447.905,2/14/2022 18:00,1018.7257,70.4,1235.8108,10641.835,2
1224.5623,110.1,1237.9238,11329.454,2/14/2022 18:10,1018.5798,70.4,1238.0984,10668.91,2
1223.0544,109.8,1222.7855,11193.364,2/14/2022 18:20,1018.823,70.3,1219.3721,10505.929,2
1223.4922,110.1,1249.807,11434.987,2/14/2022 18:30,1018.5798,70.3,1240.4198,10689.573,2
1224.9514,110.4,1236.9099,11327.198,2/14/2022 18:40,1018.2393,70.3,1239.0658,10677.905,2
1227.0427,110.6,1254.8049,11486.541,2/14/2022 18:50,1018.142,70.3,1242.2429,10712.202,2
1228.7938,111.1,1266.6476,11598.582,2/14/2022 19:00,1022.2762,70.6,1190.6592,10228.606,2
1227.9183,110.9,1260.6038,11547.722,2/14/2022 19:10,1021.3035,70.5,1227.0071,10551.61,2
1228.1129,110.9,1268.5588,11618.628,2/14/2022 19:20,1021.4494,70.5,1225.9928,10536.74,2
1227.6752,111.1,1249.6819,11454.413,2/14/2022 19:30,1021.5467,70.5,1235.445,10601.534,2
1228.7938,111.1,1249.6179,11443.574,2/14/2022 19:40,1024.5137,70.7,1158.7759,9931.744,2
1229.3289,111.1,1260.7928,11547.5,2/14/2022 19:50,1025.2432,70.7,1230.4387,10533.559,2
1230.4961,111.3,1260.8978,11551.067,2/14/2022 20:00,1025.4377,70.7,1212.0795,10379.717,2
1232.6361,111.7,1284.4192,11764.926,2/14/2022 20:10,1025.9241,70.7,1205.6395,10322.913,2
1235.6517,112.2,1290.3744,11829.3955,2/14/2022 20:20,1025.8268,70.7,1219.6918,10434.307,2
1236.4299,112.2,1288.7748,11820.443,2/14/2022 20:30,1026.605,70.7,1229.9451,10520.335,2
1238.1323,112.4,1302.4509,11949.926,2/14/2022 20:40,1027.0914,70.7,1222.594,10450.76,2
1239.105,112.5,1301.6406,11931.038,2/14/2022 20:50,1032.0039,71,1154.618,9826.053,2
1240.4183,112.7,1297.8735,11905.528,2/14/2022 21:00,1032.1985,70.9,1217.933,10356.651,2
1242.072,113,1306.1831,11973.351,2/14/2022 21:10,1033.7062,71,1194.3093,10153.584,2
1244.6011,113,1304.7692,11964.44,2/14/2022 21:20,1033.7549,71,1220.431,10359.16,2
1245.6226,113.3,1293.043,11853.568,2/14/2022 21:30,1035.6031,71,1207.5399,10239.424,2
1245.9144,113.4,1296.2734,11890.851,2/14/2022 21:40,1036.5759,71,1216.98,10304.175,2
1247.325,113.3,1283.5334,11769.337,2/14/2022 21:50,1042.607,71.3,1160.6555,9765.29,2
1248.3463,113.5,1289.3046,11812.633,2/14/2022 22:00,1042.461,71.2,1211.4495,10201.757,2
1249.7568,113.6,1297.4337,11901.494,2/14/2022 22:10,1043.4824,71.2,1202.9159,10118.179,2
1250.5836,113.7,1282.9645,11758.233,2/14/2022 22:20,1044.4552,71.3,1201.7056,10104.293,2
1251.3619,113.4,1289.272,11816.623,2/14/2022 22:30,1045.817,71.3,1224.5631,9889.382,2
1251.2646,113.4,1281.5865,11750.821,2/14/2022 22:40,1046.7899,71.3,1212.2959,10167.688,2
1252.0914,113.7,1291.8546,11841.63,2/14/2022 22:50,1047.6654,71.3,1197.8096,10030.41,2
1253.4534,113.9,1293.2789,11858.029,2/14/2022 23:00,1051.5564,71.5,1137.8414,9498.467,2
1254.6206,113.5,1286.1143,11789.386,2/14/2022 23:10,1053.502,71.5,1201.5742,10010.635,2
1256.6633,113.9,1290.587,11833.347,2/14/2022 23:20,1054.2316,71.4,1200.256,9985.082,2
1256.9066,114.3,1291.1726,11829.454,2/14/2022 23:30,1054.7665,71.4,1210.622,10034.909,2
1257.7335,114.2,1281.2616,11738.943,2/14/2022 23:40,1056.0311,71.5,1205.5115,10004.263,2
1257.9767,114.2,1282.8416,11762.328,2/14/2022 23:50,1057.1011,71.5,1208.7695,10029.802,2
1258.6576,114.2,1279.5712,11719.489,2/15/2022 0:00,1057.9281,71.5,1214.3698,10064.246,2
1260.6031,114.7,1282.3774,11752.48,2/15/2022 0:10,1058.7063,71.5,1212.5029,10043.564,2
1261.2354,114.8,1295.5612,11878.285,2/15/2022 0:20,1059.4845,71.5,1218.466,10082.499,2
1262.5973,114.6,1292.75,11859.2,2/15/2022 0:30,1060.9436,71.4,1214.3646,10038.158,2
1263.2296,114.9,1296.237,11880.169,2/15/2022 0:40,1061.3813,71.5,1233.4897,10185.175,2
1264.5428,114.8,1291.4343,11831.4795,2/15/2022 0:50,1062.354,71.5,1220.2979,10065.833,2
1265.5156,115.1,1299.7042,11905.604,2/15/2022 1:00,1063.3755,71.5,1227.5868,10117.067,2
1266.0992,115,1288.1755,11808.947,2/15/2022 1:10,1064.2024,71.5,1204.8612,9917.482,2
1266.7802,115.1,1288.0226,11799.264,2/15/2022 1:20,1064.8346,71.5,1212.7266,9972.448,2
1267.1206,115.3,1287.0422,11791.24,2/15/2022 1:30,1065.5642,71.6,1214.031,9978.6455,2
1268.9689,115.6,1291.9368,11836.456,2/15/2022 1:40,1066.8287,71.6,1217.7865,10000.756,2
1269.8931,115.7,1293.2377,11851.048,2/15/2022 1:50,1067.6069,71.5,1239.4084,10171.929,2
1271.109,115.8,1272.1622,11657.547,2/15/2022 2:00,1068.2393,71.6,1231.1196,10092.585,2
1271.9358,116.1,1294.0669,11862.578,2/15/2022 2:10,1069.0175,71.6,1236.8988,10133.712,2
1273.0059,116.5,1305.5454,11963.159,2/15/2022 2:20,1070.3794,71.6,1235.6697,10115.845,2
1274.4164,116.5,1297.9974,11897.059,2/15/2022 2:30,1071.109,71.6,1231.3577,10068.653,2
1275.535,116,1295.4952,11873.746,2/15/2022 2:40,1071.8872,71.6,1227.606,10028.718,2
1275.1946,116.5,1295.5895,11877.291,2/15/2022 2:50,1073.1031,71.7,1222.4071,9985.858,2
1276.3619,116.7,1287.4779,11797.601,2/15/2022 3:00,1073.5895,71.7,1237.1167,10087.415,2
1277.0914,116.5,1288.9697,11811.2705,2/15/2022 3:10,1074.7567,71.6,1232.1467,10041.753,2
1276.7996,116.4,1290.8888,11833.53,2/15/2022 3:20,1075.1945,71.7,1235.4517,10060.972,2
1277.675,116.4,1289.61,11819.431,2/15/2022 3:30,1076.0701,71.7,1237.051,10068.335,2
1278.0155,116.5,1296.3972,11870.624,2/15/2022 3:40,1077.1887,71.7,1231.9374,10012.396,2
1278.2588,116.5,1274.1908,11666.63,2/15/2022 3:50,1077.5292,71.7,1238.4177,10062.499,2
1279.6206,116.7,1287.4823,11804.215,2/15/2022 4:00,1078.4047,71.8,1243.097,10092.944,2
1281.2743,116.6,1301.2753,11919.026,2/15/2022 4:10,1078.9397,71.8,1219.6533,9894.386,2
1281.8093,116.9,1304.7555,11962.377,2/15/2022 4:20,1079.1343,71.8,1234.6274,10008.726,2
1282.2471,116.9,1294.5035,11866.666,2/15/2022 4:30,1080.642,71.8,1237.7449,10006.525,2
1282.3444,117,1281.3904,11738.507,2/15/2022 4:40,1080.8851,71.8,1239.58,10035.747,2
1282.7821,117.1,1283.1571,11754.984,2/15/2022 4:50,1081.8093,71.8,1225.0143,9911.273,2
1284.1926,117.1,1293.172,11853.122,2/15/2022 5:00,1082.6848,71.8,1230.3229,9946.644,2
1283.998,117,1284.6592,11773.101,2/15/2022 5:10,1082.7335,71.7,1241.7999,10029.08,2
1283.9495,117.1,1284.6299,11768.184,2/15/2022 5:20,1083.9495,71.8,1241.2817,10020.485,2
1285.0194,117.3,1291.9657,11834.718,2/15/2022 5:30,1084.1926,71.9,1227.817,10119.007,2
1285.2626,117.1,1287.3285,11791.575,2/15/2022 5:40,1084.7762,71.8,1236.8531,9974.113,2
1285.0681,117,1276.6344,11700.219,2/15/2022 5:50,1086.2354,71.8,1234.5115,9947.671,2
1284.3385,116.7,1266.1857,11595.296,2/15/2022 6:00,1085.5544,71.8,1233.8075,9940.487,2
1283.5603,116.6,1262.506,11568.774,2/15/2022 6:10,1086.3326,71.8,1247.2584,10049.542,2
1282.7821,116.6,1260.7078,11542.239,2/15/2022 6:20,1086.0895,71.8,1230.8126,10043.394,2
1283.3171,116.6,1262.6041,11561.845,2/15/2022 6:30,1086.7218,71.8,1244.1428,10013.944,2
1283.5117,116.7,1273.1984,11666.752,2/15/2022 6:40,1086.3812,71.8,1242.3606,9998.261,2
1284.5331,116.9,1278.9325,11712.688,2/15/2022 6:50,1086.5272,71.7,1243.0239,10004.938,2
1284.2899,116.9,1272.7262,11653.878,2/15/2022 7:00,1086.3812,71.8,1243.8207,10012.036,2
1285.4572,117,1268.769,11618.953,2/15/2022 7:10,1086.7704,71.7,1241.2334,9993.055,2
1285.603,117.2,1273.2136,11665.864,2/15/2022 7:20,1086.5758,71.7,1254.2185,10083.814,2
1284.679,117.1,1266.0016,11593.975,2/15/2022 7:30,1086.5758,71.7,1248.5342,10050.486,2
1283.3171,116.8,1261.3278,11543.357,2/15/2022 7:40,1086.4299,71.8,1245.2814,10017.53,2
1283.3171,116.9,1263.6472,11580.172,2/15/2022 7:50,1086.965,71.7,1252.003,10071.094,2
1282.1985,116.7,1243.1466,11387.522,2/15/2022 8:00,1087.0137,71.8,1245.0168,10015.91,2
1282.0525,116.6,1241.401,11378.231,2/15/2022 8:10,1086.9164,71.7,1251.7759,10066.211,2
1279.9124,116,1227.4774,11249.064,2/15/2022 8:20,1087.111,71.7,1259.7458,10134.401,2
1277.3346,115.9,1206.8732,11060.163,2/15/2022 8:30,1086.9164,71.8,1245.1163,10014.36,2
1275.6809,115.3,1206.7971,11042.718,2/15/2022 8:40,1087.4514,71.8,1242.331,9987.2295,2
1281.4203,116.4,1270.3137,11616.064,2/15/2022 8:50,1088.2296,71.8,1240.7603,9977.307,2
1291.8287,118.5,1364.8853,12505.896,2/15/2022 9:00,1086.1381,71.7,1260.1635,10142.893,2
1301.7996,120.1,1423.2345,13055.262,2/15/2022 9:10,1086.1381,71.7,1240.0172,9986.296,2
1308.463,121.5,1431.6937,13146.335,2/15/2022 9:20,1087.2083,71.8,1256.3081,10106.416,2
1307.5875,120.7,1386.582,12740.64,2/15/2022 9:30,1088.5214,71.9,1244.7538,10125.251,2
1298.7355,119.1,1293.2378,11870.184,2/15/2022 9:40,1090.8074,71.9,1256.6176,10077.189,2
1282.1985,115.9,1133.4424,10384.292,2/15/2022 9:50,1093.5798,72.1,1251.7712,10014.803,2
1273.103,114.7,1111.8203,10173.578,2/15/2022 10:00,1095.039,72.2,1245.4532,9952.451,2
1270.8171,114.6,1146.836,10499.568,2/15/2022 10:10,1094.9417,72.1,1239.3315,9894.674,2
1273.9785,115.4,1194.3182,10940.516,2/15/2022 10:20,1093.0448,71.9,1244.5815,9952.673,2
1272.3248,115,1177.8545,10793.617,2/15/2022 10:30,1091.1965,71.9,1243.5951,10014.473,2
1268.0447,114.2,1145.5743,10489.528,2/15/2022 10:40,1090.4669,71.8,1256.008,10072.42,2
1265.7588,114.2,1141.4882,10460.364,2/15/2022 10:50,1087.9377,71.7,1235.5671,9926.331,2
1262.3054,113.5,1130.675,10358.354,2/15/2022 11:00,1086.6245,71.5,1267.7971,10195.19,2
1257.8794,113.2,1121.9596,10276.772,2/15/2022 11:10,1084.679,71.5,1249.0588,10067.935,2
1251.2646,112.3,1078.462,9877.482,2/15/2022 11:20,1081.858,71.4,1262.4088,10196.565,2
1246.4495,111.6,1077.6915,9846.564,2/15/2022 11:30,1080.3502,71.3,1257.9624,10175.4795,2
1256.177,113.1,1202.1897,11004.277,2/15/2022 11:40,1077.1887,71.2,1247.1526,10117.746,2
1261.284,113.8,1235.6007,11318.4,2/15/2022 11:50,1073.1517,71.1,1236.0924,10063.308,2
1259.4358,114,1182.3873,10834.353,2/15/2022 12:00,1070.4281,71,1252.8092,10227.019,2
1253.2101,112.6,1143.6687,10465.391,2/15/2022 12:10,1069.1147,71,1255.5786,10269.131,2
1250.9728,112.5,1163.8262,10655.452,2/15/2022 12:20,1068.5797,71,1245.5918,10191.118,2
1253.6478,112.6,1188.986,10893.512,2/15/2022 12:30,1066.3424,70.9,1250.0006,10245.517,2
1253.0642,113.1,1194.7148,10943.259,2/15/2022 12:40,1063.9105,70.9,1243.3351,10215.62,2
1253.2101,112.9,1196.2601,10956.177,2/15/2022 12:50,1062.7917,70.8,1265.2189,10411.448,2
1252.8696,113,1211.1447,11088.747,2/15/2022 13:00,1062.3054,71,1216.3441,10017.219,2
1254.1343,113,1208.5635,11081.712,2/15/2022 13:10,1059.2899,70.8,1262.2372,10419.775,2
1254.426,113.2,1231.3882,11290.639,2/15/2022 13:20,1058.1713,70.8,1250.898,10333.671,2
1253.7938,113,1212.3927,11114.232,2/15/2022 13:30,1057.7335,70.9,1252.0529,10353.955,2
1252.3346,112.7,1209.8649,11072.939,2/15/2022 13:40,1057.2471,70.8,1251.923,10364.721,2
1251.1674,112.5,1214.7959,11116.536,2/15/2022 13:50,1056.3229,70.8,1254.1932,10388.376,2
1247.2762,112,1176.4944,10757.551,2/15/2022 14:00,1055.0583,70.7,1275.4656,10576.599,2
1246.7412,112.3,1197.1991,10940.427,2/15/2022 14:10,1054.1829,70.8,1237.4141,10271.29,2
1244.6011,111.7,1189.7671,10887.159,2/15/2022 14:20,1052.5292,70.7,1259.4446,10468.817,2
1244.212,111.9,1195.0206,10932.492,2/15/2022 14:30,1052.6265,70.7,1250.0815,10396.413,2
1243.4338,111.9,1200.3739,10976.518,2/15/2022 14:40,1050.5836,70.7,1248.3318,10399.7705,2
1241.9747,111.9,1196.979,10961.525,2/15/2022 14:50,1049.2218,70.6,1257.5831,10495.445,2
1239.6887,111.3,1166.1111,10731.851,2/15/2022 15:00,1048.0059,70.6,1265.6715,10561.843,2
1238.0836,111.4,1184.473,10815.275,2/15/2022 15:10,1047.1304,70.7,1254.6847,10492.167,2
1237.1595,111.2,1166.3281,10662.792,2/15/2022 15:20,1045.7198,70.6,1237.8019,10358.553,2
1236.8191,111.3,1183.1823,10830.292,2/15/2022 15:30,1044.7957,70.6,1253.7242,10503.927,2
1253.2588,114.1,1379.4236,12681.857,2/15/2022 15:40,1043.4824,70.6,1258.0742,10560.34,2
1257.9767,115.3,1347.2682,12411.544,2/15/2022 15:50,1042.3152,70.5,1242.0553,10433.539,2
1251.216,113.7,1234.0342,11365.164,2/15/2022 16:00,1042.3638,70.6,1244.4104,10452.793,2
1248.5895,113,1243.0555,11438.132,2/15/2022 16:10,1043.5797,70.7,1236.9545,10506.126,2
1248.1031,113.2,1242.8682,11436.026,2/15/2022 16:20,1043.2393,70.7,1262.515,10551.062,2
1248.2004,112.9,1235.6677,11374.02,2/15/2022 16:30,1043.8716,70.7,1247.2886,10469.827,2
1245.2335,112.7,1218.991,11220.399,2/15/2022 16:40,1043.823,70.7,1247.6427,10470.597,2
1240.6615,112.2,1192.1947,10957.607,2/15/2022 16:50,1043.4338,70.7,1229.3773,10319.457,2
1240.0779,112.3,1205.2736,11089.848,2/15/2022 17:00,1043.6284,70.7,1241.337,10427.547,2
1238.716,112,1194.1461,10986.731,2/15/2022 17:10,1042.5098,70.7,1256.2292,10556.533,2
1236.4299,111.8,1186.1057,10906.322,2/15/2022 17:20,1041.8289,70.6,1255.0819,10553.542,2
1232.6848,111.3,1176.014,10808.89,2/15/2022 17:30,1042.0233,70.7,1234.2155,10384.115,2
1233.4631,111.5,1202.8793,11072.354,2/15/2022 17:40,1040.1265,70.6,1259.9823,10617.681,2
1232.8307,111.4,1186.5175,10917.78,2/15/2022 17:50,1038.5214,70.6,1252.3246,10569.325,2
1235.1167,111.8,1222.1412,11250.671,2/15/2022 18:00,1036.9164,70.5,1241.9723,10493.603,2
1236.4786,111.9,1232.7838,11334.996,2/15/2022 18:10,1036.284,70.5,1235.7437,10449.822,2
1238.2782,112.2,1244.6998,11450.554,2/15/2022 18:20,1035.36,70.5,1251.989,10601.23,2
1240.6615,112.4,1273.8511,11728.025,2/15/2022 18:30,1034.8735,70.5,1245.7245,10554.898,2
1243.3853,112.6,1283.8488,11826.501,2/15/2022 18:40,1034.1926,70.4,1247.4136,10572.031,2
1245.7198,113.3,1296.7792,11944.937,2/15/2022 18:50,1034.1926,70.5,1258.7775,10674.555,2
1246.7412,113.7,1299.7953,11983.86,2/15/2022 19:00,1034.1439,70.5,1243.2357,10535.489,2
1246.3522,113.2,1277.3042,11784.256,2/15/2022 19:10,1034.5331,70.6,1247.2609,10569.584,2
1222.1791,109.9,980.6226,9080.8,2/15/2022 19:20,1034.9708,70.7,1248.8385,10577.904,2
1210.6517,108.3,1000.4556,9271.848,2/15/2022 19:30,1035.6031,70.6,1234.1138,10451.521,2
1204.572,108.1,1070.6716,9754.651,2/15/2022 19:40,1034.4358,70.7,1250.4772,10605.838,2
1255.3502,116.5,1478.2568,13690.3955,2/15/2022 19:50,1031.3716,70.6,1241.0817,10553.022,2
1247.2277,114,1307.5037,12074.83,2/15/2022 20:00,1029.7179,70.5,1255.1682,10695.583,2
1239.2023,112.3,1245.7012,11481.083,2/15/2022 20:10,1029.6693,70.5,1233.913,10512.221,2
1237.0623,112.4,1231.736,11343.094,2/15/2022 20:20,1030.6421,70.6,1257.1113,10591.881,2
1234.6304,111.9,1222.3976,11263.106,2/15/2022 20:30,1030.9825,70.6,1246.3638,10606.3955,2
1231.712,111.7,1218.7837,11227.774,2/15/2022 20:40,1030.8853,70.7,1247.5707,10626.807,2
1231.0311,111.5,1227.8403,11325.59,2/15/2022 20:50,1030.8365,70.6,1234.9673,10516.093,2
1230.2529,111.6,1222.72,11273.371,2/15/2022 21:00,1030.1556,70.6,1238.7914,10555.958,2
1230.0583,111.6,1212.1971,11167.853,2/15/2022 21:10,1029.6206,70.6,1243.9607,10605.127,2
1229.2316,111.5,1222.6837,11262.806,2/15/2022 21:20,1029.2316,70.7,1253.678,10691.918,2
1229.4747,111.5,1206.2538,11117.136,2/15/2022 21:30,1028.648,70.7,1252.5044,10687.033,2
1229.0856,111.5,1225.7739,11309.738,2/15/2022 21:40,1027.7238,70.6,1241.8782,10600.364,2
1225.5836,111.1,1183.6984,10913.223,2/15/2022 21:50,1027.0427,70.6,1261.0187,10776.963,2
1226.2645,111.2,1218.5557,11229.876,2/15/2022 22:00,1026.1187,70.6,1256.7799,10746.475,2
1225.6809,111.3,1202.4984,11089.318,2/15/2022 22:10,1025.4377,70.6,1243.0093,10639.523,2
1223.2977,110.5,1198.5704,11047.83,2/15/2022 22:20,1025.0973,70.6,1235.2334,10580.318,2
1220.2821,110,1187.432,10941.436,2/15/2022 22:30,1024.0272,70.5,1244.177,10665.544,2
1219.4552,109.9,1183.5342,10905.891,2/15/2022 22:40,1023.6868,70.6,1244.0288,10675.067,2
1217.4125,109.6,1167.7823,10767.705,2/15/2022 22:50,1022.4221,70.6,1249.0862,10728.234,2
1216.7316,109.4,1183.1012,10905.859,2/15/2022 23:00,1021.1089,70.5,1240.21,10665.796,2
1214.251,109,1167.7933,10768.418,2/15/2022 23:10,1019.9417,70.6,1235.5948,10628.706,2
1212.3054,108.9,1160.3213,10684.356,2/15/2022 23:20,1018.9202,70.5,1243.5688,10716.542,2
1211.1382,108.5,1174.9297,10822.917,2/15/2022 23:30,1017.9962,70.5,1236.7296,10677.7,2
1209.7762,108.4,1131.4777,10431.769,2/15/2022 23:40,1015.8074,70.5,1234.5316,10672.518,2
1207.5875,108.2,1167.583,10759.761,2/15/2022 23:50,1014.9319,70.5,1237.2379,10715.556,2
1206.0798,108,1142.7048,10532.529,2/16/2022 0:00,1013.0837,70.4,1238.7241,10741.879,2
1206.5176,108.6,1197.4463,11029.586,2/16/2022 0:10,1011.965,70.5,1233.1973,10701.474,2
1207.7334,108.6,1211.2179,11171.379,2/16/2022 0:20,1010.1653,70.3,1229.9083,10750.072,2
1208.9493,108.8,1201.0962,11079.282,2/16/2022 0:30,1008.998,70.3,1238.7106,10787.958,2
1209.9221,109.1,1222.2728,11282.168,2/16/2022 0:40,1007.7335,70.3,1236.702,10785.102,2
1212.0623,109.7,1217.7101,11236.11,2/16/2022 0:50,1006.6148,70.3,1242.7946,10852.387,2
1212.9377,109.8,1245.1024,11501.13,2/16/2022 1:00,1006.0798,70.3,1239.2899,10828.854,2
1214.2996,109.8,1229.0309,11342.501,2/16/2022 1:10,1005.642,70.3,1244.053,10878.17,2
1215.5155,109.8,1253.5103,11571.305,2/16/2022 1:20,1005.2529,70.4,1240.8981,10856.939,2
1216.2451,110.4,1252.2599,11564.615,2/16/2022 1:30,1004.8151,70.4,1219.0165,10671.305,2
1216.3911,110.5,1257.9856,11612.616,2/16/2022 1:40,1005.1071,70.4,1228.5771,10748.554,2
1216.5857,110.6,1256.8765,11600.143,2/16/2022 1:50,1004.9611,70.5,1224.2717,10717.742,2
1217.5098,110.7,1266.8934,11693.257,2/16/2022 2:00,1005.3016,70.5,1228.2311,10832.818,2
1219.0175,110.9,1286.157,11877.806,2/16/2022 2:10,1005.6907,70.6,1242.3262,10871.503,2
1220.1848,111.4,1289.3743,11913.873,2/16/2022 2:20,1005.8853,70.5,1216.5842,10645.077,2
1220.8171,111.2,1280.4806,11825.645,2/16/2022 2:30,1006.4689,70.5,1225.5026,10709.262,2
1220.963,111.5,1284.09,11854.673,2/16/2022 2:40,1006.4689,70.6,1228.0323,10733.562,2
1221.5953,111.2,1266.2998,11686.711,2/16/2022 2:50,1007.5875,70.6,1233.7512,10775.342,2
1221.498,111.4,1265.7415,11688.858,2/16/2022 3:00,1008.0739,70.6,1233.5526,10769.51,2
1221.7899,111.5,1274.686,11771.87,2/16/2022 3:10,1008.3171,70.7,1214.0472,10592.753,2
1222.5195,111.3,1270.0095,11728.274,2/16/2022 3:20,1008.9494,70.8,1207.6057,10536.417,2
1222.3735,111.2,1247.8088,11526.531,2/16/2022 3:30,1009.4358,70.8,1231.5963,10738.876,2
1221.9845,111.1,1277.7126,11802.094,2/16/2022 3:40,1010.1167,70.8,1225.8236,10672.196,2
1221.8386,111.2,1266.7996,11698.631,2/16/2022 3:50,1010.5544,70.8,1199.8206,10449.208,2
1223.1517,111.6,1269.1665,11719.564,2/16/2022 4:00,1011.2355,70.8,1231.1075,10723.429,2
1222.6654,111.3,1258.9589,11625.564,2/16/2022 4:10,1011.2355,70.9,1228.0856,10685.978,2
1223.8326,111.3,1272.835,11750.101,2/16/2022 4:20,1011.6732,70.9,1229.6715,10695.725,2
1223.7355,111.3,1284.8597,11863.128,2/16/2022 4:30,1012.5486,70.9,1229.288,10689.952,2
1224.1732,111.6,1267.313,11690.888,2/16/2022 4:40,1012.7919,70.9,1224.6155,10640.807,2
1223.9299,111.1,1263.8975,11668.256,2/16/2022 4:50,1013.2782,70.9,1235.123,10733.148,2
1223.5409,111.3,1249.3457,11530.639,2/16/2022 5:00,1013.7159,71,1232.1884,10704.176,2
1223.3463,111.1,1258.3527,11613.768,2/16/2022 5:10,1013.9592,71,1233.5905,10709.411,2
1223.6382,111.4,1237.029,11411.52,2/16/2022 5:20,1014.2996,71,1229.198,10662.64,2
1223.784,111.3,1248.3134,11521.11,2/16/2022 5:30,1015.5156,71,1243.7059,10789.653,2
1224.6108,111.4,1272.5253,11743.236,2/16/2022 5:40,1014.9319,71,1225.0449,10622.601,2
1223.6382,111.1,1266.58,11684.126,2/16/2022 5:50,1015.0292,71,1209.1975,10480.096,2
1223.2977,111.2,1255.0016,11579.55,2/16/2022 6:00,1015.4669,71.1,1228.8909,10652.394,2
1223.2977,111.1,1258.7609,11615.295,2/16/2022 6:10,1015.7587,71,1238.0227,10716.077,2
1222.7627,111,1240.9332,11450.79,2/16/2022 6:20,1015.5641,71,1224.4915,10604.537,2
1222.86,110.8,1257.0333,11598.695,2/16/2022 6:30,1015.7101,71,1239.1766,10736.45,2
1223.8813,111.1,1260.7056,11635.885,2/16/2022 6:40,1016.2938,71,1239.5541,10733.934,2
1224.5137,110.9,1236.5826,11410.251,2/16/2022 6:50,1016.2938,71,1225.1998,10615.926,2
1223.395,111.3,1253.6014,11567.426,2/16/2022 7:00,1015.9532,71,1228.8567,10641.298,2
1223.395,111.1,1235.5206,11395.405,2/16/2022 7:10,1016.1478,71.1,1240.8203,10744.793,2
1222.9086,110.9,1254.5713,11578.21,2/16/2022 7:20,1016.2938,71,1231.5197,10661.485,2
1223.395,111.1,1250.6829,11544.948,2/16/2022 7:30,1016.7802,71.1,1234.1908,10686.81,2
1222.4708,110.7,1247.6329,11509.082,2/16/2022 7:40,1016.2451,71.1,1230.6095,10656.478,2
1221.3035,110.7,1238.4408,11422.339,2/16/2022 7:50,1016.7316,71.1,1226.5032,10621.387,2
1220.4767,110.7,1214.9833,11201.785,2/16/2022 8:00,1016.3423,71.1,1230.8795,10578.487,2
1218.8716,110.3,1220.7742,11260.931,2/16/2022 8:10,1016.2451,71.1,1223.1202,10590.481,2
1218.3853,109.8,1213.3174,11190.491,2/16/2022 8:20,1016.391,71.1,1231.0958,10662.882,2
1218.2393,110.3,1234.539,11385.962,2/16/2022 8:30,1015.7587,71.1,1223.8866,10604.44,2
1217.8502,110.2,1214.6565,11207.934,2/16/2022 8:40,1015.7587,71.1,1229.22,10654.098,2
1218.0448,110.1,1203.6947,11104.395,2/16/2022 8:50,1015.5641,71,1243.6682,10783.977,2
1217.8988,110.4,1216.0658,11216.861,2/16/2022 9:00,1014.8832,71.1,1231.3138,10729.635,2
1218.0934,110.2,1228.5676,11328.958,2/16/2022 9:10,1014.5428,71.1,1229.8105,10667.953,2
1218.0934,110.3,1240.8989,11442.669,2/16/2022 9:20,1014.3969,71,1226.9084,10644.502,2
1215.7101,109.8,1217.6677,11235.719,2/16/2022 9:30,1013.9105,71,1224.2856,10624.615,2
1214.8346,109.6,1208.4417,11147.421,2/16/2022 9:40,1014.105,71.1,1222.1821,10613.12,2
1212.5486,109.1,1170.2985,10793.356,2/16/2022 9:50,1013.4728,71.1,1229.5906,10677.453,2
1210.3113,108.9,1177.1886,10858.751,2/16/2022 10:00,1013.0837,71,1220.8008,10602.958,2
1207.7821,108.4,1152.5251,10618.702,2/16/2022 10:10,1012.3541,71.1,1212.8683,10424.593,2
1207.2471,108.4,1173.3265,10820.668,2/16/2022 10:20,1011.8191,71,1242.2045,10808.705,2
1205.788,108.3,1185.4459,10938.89,2/16/2022 10:30,1011.2355,71,1229.2188,10704.9795,2
1204.4747,107.9,1161.6597,10714.657,2/16/2022 10:40,1010.2626,70.9,1236.7999,10780.474,2
1203.0642,108,1163.3993,10729.726,2/16/2022 10:50,1009.3385,70.9,1224.7316,10686.284,2
1202.4805,107.8,1173.3176,10829.674,2/16/2022 11:00,1007.7821,70.9,1219.8154,10654.37,2
1201.0214,107.5,1151.5342,10625.36,2/16/2022 11:10,1006.9553,71,1232.4143,10780.215,2
1200.2919,107.7,1176.2992,10852.3955,2/16/2022 11:20,1006.0311,70.9,1217.6576,10660.986,2
1200.3892,107.4,1166.7991,10765.358,2/16/2022 11:30,1004.572,70.9,1220.0952,10696.293,2
1199.8541,107.8,1178.539,10878.617,2/16/2022 11:40,1004.7178,70.9,1227.673,10763.312,2
1200.0973,107.7,1191.5066,10992.696,2/16/2022 11:50,1002.9669,70.8,1214.8931,10672.187,2
1199.9027,107.9,1194.6599,11027.423,2/16/2022 12:00,1003.4533,70.9,1203.183,10568.167,2
1199.1732,107.9,1187.0927,10958.195,2/16/2022 12:10,1001.3132,70.9,1206.241,10612.559,2
1200,108,1204.3662,11122.704,2/16/2022 12:20,1003.5992,71,1184.7556,10409.557,2
1200.9728,108.1,1197.2239,11055.486,2/16/2022 12:30,1003.4047,71,1210.05,10627.743,2
1200.3405,107.9,1201.2286,11089.946,2/16/2022 12:40,1003.5505,71,1188.6003,10441.06,2
1200.9728,107.9,1195.4392,11037.752,2/16/2022 12:50,1004.0369,71,1204.0184,10572.461,2
1203.1128,108.3,1213.6001,11206.709,2/16/2022 13:00,1003.1614,71,1204.7592,10583.004,2
1204.9612,108.7,1230.9352,11382.951,2/16/2022 13:10,1003.2101,71,1195.3447,10494.581,2
1203.9397,108.4,1209.5409,11171.129,2/16/2022 13:20,1003.2587,71,1192.5028,10474.197,2
1205.3502,108.7,1224.7565,11316.802,2/16/2022 13:30,1003.5505,71,1202.3635,10562.95,2
1207.393,109.2,1243.8861,11490.948,2/16/2022 13:40,1003.5019,71,1204.0863,10576.517,2
1207.1985,109.2,1215.6981,11224.169,2/16/2022 13:50,1003.4533,71,1202.4084,10561.779,2
1207.1012,108.8,1207.9049,11134.249,2/16/2022 14:00,1003.5505,71,1216.2466,10683.331,2
1208.4144,109.1,1230.2034,11331.69,2/16/2022 14:10,1003.2101,71,1216.4196,10687.182,2
1212.1595,110,1264.4291,11665.609,2/16/2022 14:20,1003.1614,71,1220.3534,10722.328,2
1211.9164,109.9,1240.2351,11442.653,2/16/2022 14:30,1003.5019,71,1217.0552,10689.269,2
1212.5973,110.1,1241.9567,11462.048,2/16/2022 14:40,1003.5019,71,1224.5577,10758.682,2
1211.6245,109.6,1239.1587,11434.926,2/16/2022 14:50,1003.5019,71,1219.4952,10726.284,2
1210.4573,109.2,1215.0615,11197.93,2/16/2022 15:00,1005.3016,71.2,1198.432,10504.927,2
1212.4027,109.8,1240.6396,11425.878,2/16/2022 15:10,1005.6907,71.1,1206.7738,10572.296,2
1214.0078,110.2,1249.5276,11522.104,2/16/2022 15:20,1005.6907,71.1,1213.5824,10635.263,2
1213.5214,109.9,1222.9277,11280.796,2/16/2022 15:30,1007.2471,71.1,1196.8524,10476.682,2
1212.111,109.6,1224.0461,11292.262,2/16/2022 15:40,1007.8307,71.2,1194.2657,10447.795,2
1212.5,109.7,1246.6681,11495.083,2/16/2022 15:50,1008.5603,71.2,1202.7212,10510.92,2
1212.7432,109.9,1229.1564,11339.794,2/16/2022 16:00,1008.8521,71.3,1206.0659,10540.583,2
1211.6732,109.3,1223.7944,11291.474,2/16/2022 16:10,1008.0253,71.3,1214.8003,10619.222,2
1212.2568,109.7,1229.2455,11328.132,2/16/2022 16:20,1008.9494,71.3,1221.5835,10675.622,2
1215.0778,110.3,1261.7776,11644.857,2/16/2022 16:30,1009.679,71.3,1207.725,10540.787,2
1212.111,109.8,1225.5715,11310.829,2/16/2022 16:40,1010.7977,71.3,1203.5267,10498.457,2
1212.5973,109.5,1200.5697,11060.355,2/16/2022 16:50,1009.6303,71.2,1220.2378,10646.093,2
1212.111,109.6,1226.2605,11304.474,2/16/2022 17:00,1010.9922,71.3,1189.5974,10371.895,2
1209.2412,108.8,1186.1141,10923.098,2/16/2022 17:10,1010.4085,71.3,1219.9061,10641.336,2
1210.4573,109.2,1213.6537,11186.605,2/16/2022 17:20,1010.2626,71.3,1214.1942,10600.694,2
1211.0409,109.4,1231.477,11353.208,2/16/2022 17:30,1012.0137,71.3,1202.5452,10472.877,2
1212.111,109.8,1233.7035,11397.529,2/16/2022 17:40,1010.8464,71.1,1227.2382,10691.075,2
1207.4417,108.7,1165.3619,10755.764,2/16/2022 17:50,1010.0194,71.1,1218.9591,10630.462,2
1205.1556,108.3,1162.4567,10726.144,2/16/2022 18:00,1010.1653,71.1,1215.3649,10597.395,2
1204.183,107.8,1180.6807,10879.844,2/16/2022 18:10,1009.679,71.1,1202.7764,10491.039,2
1201.7996,107.5,1176.5682,10847.486,2/16/2022 18:20,1008.9008,71.1,1208.3197,10544.095,2
1200.5836,107.5,1179.128,10873.182,2/16/2022 18:30,1008.998,71,1220.3188,10652.269,2
1200.2919,107.6,1176.3652,10850.168,2/16/2022 18:40,1007.7335,71,1213.9517,10610.5,2
1200.4377,107.6,1160.4103,10699.123,2/16/2022 18:50,1007.2471,70.9,1210.2451,10582.844,2
